KPI,Value
Total Revenue,9539484.634
AOV,331.0481896862854
Retention Rate,71.09285877253024
Sales Growth,1.0621322615110442
Top Products,"StockCode
22423     163051.46
85123A    155825.52
DOT       116401.99
85099B     88922.48
84879      72454.12"
